
/*
cards
*/

create table cards(
	card_num varchar(128), 
	account varchar(128), 
	create_dt date,
	update_dt date
);


insert into cards (card_num, account, create_dt, update_dt) 
values ('2714 8073 9433 4375', 	'40817810437543724522', '2001-01-01', null);

insert into cards (card_num, account, create_dt, update_dt) 
values ('5987 6550 1209 8987', 	'40817810210627785852', '2001-01-01', null);

insert into cards (card_num, account, create_dt, update_dt) 
values ('2159 3826 7813 2887', 	'40817810685136759348', '2001-01-01', null);

insert into cards (card_num, account, create_dt, update_dt) 
values ('2584 2622 5927 1055', 	'40817810479019330968', '2001-01-01', null);

insert into cards (card_num, account, create_dt, update_dt) 
values ('2222 7550 5577 7511', 	'40817810782774818617', '2001-01-01', null);

insert into cards (card_num, account, create_dt, update_dt) 
values ('4451 2457 5402 6494', 	'40817810566058455099', '2001-01-01', null);

insert into cards (card_num, account, create_dt, update_dt) 
values ('2532 5413 6970 8517', 	'40817810183927580771', '2001-01-01', null);

insert into cards (card_num, account, create_dt, update_dt) 
values ('2867 9845 3775 5788', 	'40817810663253626567', '2001-01-01', null);

insert into cards (card_num, account, create_dt, update_dt) 
values ('4376 3076 4507 7172', 	'40817810685136759348', '2001-01-01', null);

insert into cards (card_num, account, create_dt, update_dt) 
values ('5612 1030 8074 4819', 	'40817810393349891008', '2001-01-01', null);

insert into cards (card_num, account, create_dt, update_dt) 
values ('5444 2330 3692 4560', 	'40817810263651414075', '2001-01-01', null);

insert into cards (card_num, account, create_dt, update_dt) 
values ('5595 2602 1913 4202', 	'40817810158446689646', '2001-01-01', null);

insert into cards (card_num, account, create_dt, update_dt) 
values ('2594 8902 2530 6524', 	'40817810935790255720', '2001-01-01', null);

insert into cards (card_num, account, create_dt, update_dt) 
values ('4833 8834 8453 9638', 	'40817810542528419671', '2001-01-01', null);

insert into cards (card_num, account, create_dt, update_dt) 
values ('5165 2868 7197 8121', 	'40817810901557820237', '2001-01-01', null);

insert into cards (card_num, account, create_dt, update_dt) 
values ('4709 4592 6306 2366', 	'40817810393349891008', '2001-01-01', null);

insert into cards (card_num, account, create_dt, update_dt) 
values ('5562 6081 4843 5572', 	'40817810934245449354', '2001-01-01', null);

insert into cards (card_num, account, create_dt, update_dt) 
values ('4336 1862 9716 9542', 	'40817810592093363417', '2001-01-01', null);

insert into cards (card_num, account, create_dt, update_dt) 
values ('4650 6757 5832 5629', 	'40817810685136759348', '2001-01-01', null);

insert into cards (card_num, account, create_dt, update_dt) 
values ('5810 2951 8117 5437', 	'40817810641446441450', '2001-01-01', null);

insert into cards (card_num, account, create_dt, update_dt) 
values ('5587 4490 3995 7280', 	'40817810479019330968', '2001-01-01', null);

insert into cards (card_num, account, create_dt, update_dt) 
values ('2490 7277 7157 8776', 	'40817810616498239759', '2001-01-01', null);

insert into cards (card_num, account, create_dt, update_dt) 
values ('2839 6505 5906 9646', 	'40817810306661199565', '2001-01-01', null);

insert into cards (card_num, account, create_dt, update_dt) 
values ('5589 8831 4743 4967', 	'40817810778044187130', '2001-01-01', null);

insert into cards (card_num, account, create_dt, update_dt) 
values ('2216 1838 4362 6526', 	'40817810453453353314', '2001-01-01', null);

insert into cards (card_num, account, create_dt, update_dt) 
values ('4325 6726 3207 8927', 	'40817810487090273209', '2001-01-01', null);

insert into cards (card_num, account, create_dt, update_dt) 
values ('5851 8390 5158 5978', 	'40817810570001421437', '2001-01-01', null);

insert into cards (card_num, account, create_dt, update_dt) 
values ('2121 3653 4477 1121', 	'40817810802936142668', '2001-01-01', null);

insert into cards (card_num, account, create_dt, update_dt) 
values ('4851 3365 4950 5342', 	'40817810940086466248', '2001-01-01', null);

insert into cards (card_num, account, create_dt, update_dt) 
values ('5597 8185 3602 8468', 	'40817810622778346959', '2001-01-01', null);

insert into cards (card_num, account, create_dt, update_dt) 
values ('5454 4572 2437 8978', 	'40817810147613269516', '2001-01-01', null);

insert into cards (card_num, account, create_dt, update_dt) 
values ('5710 6882 3335 6500', 	'40817810183927580771', '2001-01-01', null);

insert into cards (card_num, account, create_dt, update_dt) 
values ('4770 2998 9499 6994', 	'40817810838412686293', '2001-01-01', null);

insert into cards (card_num, account, create_dt, update_dt) 
values ('4490 7403 6863 3072', 	'40817810585629253122', '2001-01-01', null);

insert into cards (card_num, account, create_dt, update_dt) 
values ('4215 1832 9375 5313', 	'40817810284878213449', '2001-01-01', null);

insert into cards (card_num, account, create_dt, update_dt) 
values ('5727 3333 6396 8638', 	'40817810830443343332', '2001-01-01', null);

insert into cards (card_num, account, create_dt, update_dt) 
values ('4714 5486 8211 6044', 	'40817810240146320278', '2001-01-01', null);

insert into cards (card_num, account, create_dt, update_dt) 
values ('4477 4419 6377 1735', 	'40817810605479119365', '2001-01-01', null);

insert into cards (card_num, account, create_dt, update_dt) 
values ('5120 4180 7085 4814', 	'40817810475607767453', '2001-01-01', null);

insert into cards (card_num, account, create_dt, update_dt) 
values ('4625 9989 7220 3160', 	'40817810437543724522', '2001-01-01', null);

insert into cards (card_num, account, create_dt, update_dt) 
values ('5817 5267 1135 9080', 	'40817810693742890112', '2001-01-01', null);

insert into cards (card_num, account, create_dt, update_dt) 
values ('4363 1583 1755 1623', 	'40817810852586260772', '2001-01-01', null);

insert into cards (card_num, account, create_dt, update_dt) 
values ('2784 4402 4518 9428', 	'40817810840953966881', '2001-01-01', null);

insert into cards (card_num, account, create_dt, update_dt) 
values ('5757 4476 6224 7806', 	'40817810596853283889', '2001-01-01', null);

insert into cards (card_num, account, create_dt, update_dt) 
values ('5295 8574 3984 4700', 	'40817810305802075493', '2001-01-01', null);

insert into cards (card_num, account, create_dt, update_dt) 
values ('4513 5880 2369 1799', 	'40817810782774818617', '2001-01-01', null);

insert into cards (card_num, account, create_dt, update_dt) 
values ('2407 8127 7420 9639', 	'40817810531720297846', '2001-01-01', null);

insert into cards (card_num, account, create_dt, update_dt) 
values ('4441 3670 9758 8198', 	'40817810299641611369', '2001-01-01', null);

insert into cards (card_num, account, create_dt, update_dt) 
values ('4600 5574 2101 5919', 	'40817810424711823756', '2001-01-01', null);

insert into cards (card_num, account, create_dt, update_dt) 
values ('5721 9627 7209 2538', 	'40817810556014915757', '2001-01-01', null);

insert into cards (card_num, account, create_dt, update_dt) 
values ('4231 4627 6468 8696', 	'40817810791811873202', '2001-01-01', null);

insert into cards (card_num, account, create_dt, update_dt) 
values ('4634 6533 9709 3739', 	'40817810486750967421', '2001-01-01', null);

insert into cards (card_num, account, create_dt, update_dt) 
values ('4394 1011 3271 7516', 	'40817810456871241700', '2001-01-01', null);

insert into cards (card_num, account, create_dt, update_dt) 
values ('4892 2376 2685 8716', 	'40817810715084771994', '2001-01-01', null);

insert into cards (card_num, account, create_dt, update_dt) 
values ('4422 8510 8242 3474', 	'40817810210627785852', '2001-01-01', null);

insert into cards (card_num, account, create_dt, update_dt) 
values ('2297 5825 3755 3296', 	'40817810333860724081', '2001-01-01', null);

insert into cards (card_num, account, create_dt, update_dt) 
values ('5916 5383 9079 2715', 	'40817810766974225074', '2001-01-01', null);

insert into cards (card_num, account, create_dt, update_dt) 
values ('5510 4999 1668 3676', 	'40817810256538033728', '2001-01-01', null);

insert into cards (card_num, account, create_dt, update_dt) 
values ('2921 9113 5050 3218', 	'40817810762366388409', '2001-01-01', null);

insert into cards (card_num, account, create_dt, update_dt) 
values ('2593 1441 2788 3826', 	'40817810590081911191', '2001-01-01', null);

insert into cards (card_num, account, create_dt, update_dt) 
values ('2468 9848 4684 1182', 	'40817810578429979270', '2001-01-01', null);

insert into cards (card_num, account, create_dt, update_dt) 
values ('4261 4031 7274 3581', 	'40817810627727963115', '2001-01-01', null);

insert into cards (card_num, account, create_dt, update_dt) 
values ('2377 1658 7905 7750', 	'40817810972929075158', '2001-01-01', null);

insert into cards (card_num, account, create_dt, update_dt) 
values ('4221 9345 2685 9938', 	'40817810295386384292', '2001-01-01', null);

insert into cards (card_num, account, create_dt, update_dt) 
values ('2235 1185 7538 3965', 	'40817810172417048299', '2001-01-01', null);

insert into cards (card_num, account, create_dt, update_dt) 
values ('5145 7320 9822 2030', 	'40817810701061571225', '2001-01-01', null);

insert into cards (card_num, account, create_dt, update_dt) 
values ('5883 8925 8281 2462', 	'40817810365290280315', '2001-01-01', null);

insert into cards (card_num, account, create_dt, update_dt) 
values ('5874 8143 5277 7399', 	'40817810934015831384', '2001-01-01', null);

insert into cards (card_num, account, create_dt, update_dt) 
values ('4218 6695 9574 6745', 	'40817810742293299522', '2001-01-01', null);

insert into cards (card_num, account, create_dt, update_dt) 
values ('2979 3180 6757 7577', 	'40817810469287999721', '2001-01-01', null);

insert into cards (card_num, account, create_dt, update_dt) 
values ('5407 2931 6465 7475', 	'40817810665771744771', '2001-01-01', null);

insert into cards (card_num, account, create_dt, update_dt) 
values ('4519 8419 3794 1151', 	'40817810663253626567', '2001-01-01', null);

insert into cards (card_num, account, create_dt, update_dt) 
values ('4878 7072 4028 5411', 	'40817810998062372966', '2001-01-01', null);

insert into cards (card_num, account, create_dt, update_dt) 
values ('2947 2000 9410 9746', 	'40817810635809714681', '2001-01-01', null);

insert into cards (card_num, account, create_dt, update_dt) 
values ('4268 6328 7280 8744', 	'40817810708371244487', '2001-01-01', null);

insert into cards (card_num, account, create_dt, update_dt) 
values ('5554 4409 3010 5096', 	'40817810544573989604', '2001-01-01', null);

insert into cards (card_num, account, create_dt, update_dt) 
values ('4965 8025 2389 7324', 	'40817810573859869241', '2001-01-01', null);

insert into cards (card_num, account, create_dt, update_dt) 
values ('5897 3887 5950 2059', 	'40817810150442465452', '2001-01-01', null);

insert into cards (card_num, account, create_dt, update_dt) 
values ('4389 5638 3780 5768', 	'40817810359337739181', '2001-01-01', null);

insert into cards (card_num, account, create_dt, update_dt) 
values ('5425 5451 3702 7493', 	'40817810548033670877', '2001-01-01', null);

insert into cards (card_num, account, create_dt, update_dt) 
values ('5268 6125 3206 2632', 	'40817810445461338571', '2001-01-01', null);

insert into cards (card_num, account, create_dt, update_dt) 
values ('4843 6911 1761 9235', 	'40817810290829650726', '2001-01-01', null);

insert into cards (card_num, account, create_dt, update_dt) 
values ('4684 5479 6084 7623', 	'40817810716838743463', '2001-01-01', null);

insert into cards (card_num, account, create_dt, update_dt) 
values ('2960 7155 8356 5653', 	'40817810876462951296', '2001-01-01', null);

insert into cards (card_num, account, create_dt, update_dt) 
values ('5230 7866 7162 4504', 	'40817810868503369611', '2001-01-01', null);

insert into cards (card_num, account, create_dt, update_dt) 
values ('4190 6637 1502 7570', 	'40817810566058455099', '2001-01-01', null);

insert into cards (card_num, account, create_dt, update_dt) 
values ('5524 8617 8385 5899', 	'40817810752220456288', '2001-01-01', null);

insert into cards (card_num, account, create_dt, update_dt) 
values ('5521 3474 4860 1122', 	'40817810782774818617', '2001-01-01', null);

insert into cards (card_num, account, create_dt, update_dt) 
values ('2669 8859 2648 3247', 	'40817810240146320278', '2001-01-01', null);

insert into cards (card_num, account, create_dt, update_dt) 
values ('5468 8524 2045 4562', 	'40817810590081911191', '2001-01-01', null);

insert into cards (card_num, account, create_dt, update_dt) 
values ('5360 6606 7024 6874', 	'40817810333860724081', '2001-01-01', null);

insert into cards (card_num, account, create_dt, update_dt) 
values ('4547 1618 3819 4191', 	'40817810172417048299', '2001-01-01', null);

insert into cards (card_num, account, create_dt, update_dt) 
values ('5901 3598 1337 3802', 	'40817810240146320278', '2001-01-01', null);

insert into cards (card_num, account, create_dt, update_dt) 
values ('2877 6917 8478 6954', 	'40817810940086466248', '2001-01-01', null);

insert into cards (card_num, account, create_dt, update_dt) 
values ('5685 1643 3394 3714', 	'40817810838412686293', '2001-01-01', null);

insert into cards (card_num, account, create_dt, update_dt) 
values ('4669 5688 3704 5181', 	'40817810487090273209', '2001-01-01', null);

insert into cards (card_num, account, create_dt, update_dt) 
values ('4699 9196 6038 1335', 	'40817810487090273209', '2001-01-01', null);

insert into cards (card_num, account, create_dt, update_dt) 
values ('2711 6654 6963 4653', 	'40817810566058455099', '2001-01-01', null);

insert into cards (card_num, account, create_dt, update_dt) 
values ('5725 2998 6407 8015', 	'40817810766974225074', '2001-01-01', null);

insert into cards (card_num, account, create_dt, update_dt) 
values ('5400 5072 1464 2202', 	'40817810665771744771', '2001-01-01', null);

insert into cards (card_num, account, create_dt, update_dt) 
values ('5525 6120 4827 8130', 	'40817810542528419671', '2001-01-01', null);

insert into cards (card_num, account, create_dt, update_dt) 
values ('4110 5366 9118 4790', 	'40817810934015831384', '2001-01-01', null);

insert into cards (card_num, account, create_dt, update_dt) 
values ('2350 4674 8155 9691', 	'40817810183927580771', '2001-01-01', null);

insert into cards (card_num, account, create_dt, update_dt) 
values ('4606 2103 9690 8252', 	'40817810641446441450', '2001-01-01', null);

insert into cards (card_num, account, create_dt, update_dt) 
values ('4863 3462 7516 3202', 	'40817810531720297846', '2001-01-01', null);

insert into cards (card_num, account, create_dt, update_dt) 
values ('4980 6330 7959 3914', 	'40817810210627785852', '2001-01-01', null);

insert into cards (card_num, account, create_dt, update_dt) 
values ('4938 5503 4877 6080', 	'40817810548033670877', '2001-01-01', null);

insert into cards (card_num, account, create_dt, update_dt) 
values ('5305 5722 5427 6611', 	'40817810635809714681', '2001-01-01', null);

insert into cards (card_num, account, create_dt, update_dt) 
values ('2212 8320 8266 8421', 	'40817810424711823756', '2001-01-01', null);

insert into cards (card_num, account, create_dt, update_dt) 
values ('2360 8774 2108 8475', 	'40817810635809714681', '2001-01-01', null);

insert into cards (card_num, account, create_dt, update_dt) 
values ('4136 7653 1883 9425', 	'40817810627727963115', '2001-01-01', null);

insert into cards (card_num, account, create_dt, update_dt) 
values ('4313 4214 1150 6198', 	'40817810852586260772', '2001-01-01', null);

insert into cards (card_num, account, create_dt, update_dt) 
values ('2811 2188 1259 5786', 	'40817810570001421437', '2001-01-01', null);

insert into cards (card_num, account, create_dt, update_dt) 
values ('5446 7140 1709 4871', 	'40817810147613269516', '2001-01-01', null);

insert into cards (card_num, account, create_dt, update_dt) 
values ('4673 3053 4551 3900', 	'40817810876462951296', '2001-01-01', null);

insert into cards (card_num, account, create_dt, update_dt) 
values ('4809 2924 9538 9622', 	'40817810838412686293', '2001-01-01', null);

insert into cards (card_num, account, create_dt, update_dt) 
values ('2343 9229 2085 3223', 	'40817810306661199565', '2001-01-01', null);

insert into cards (card_num, account, create_dt, update_dt) 
values ('2393 4132 4267 2153', 	'40817810782774818617', '2001-01-01', null);

insert into cards (card_num, account, create_dt, update_dt) 
values ('4582 5365 1742 8442', 	'40817810934015831384', '2001-01-01', null);

insert into cards (card_num, account, create_dt, update_dt) 
values ('4435 6757 7898 4375', 	'40817810359337739181', '2001-01-01', null);

insert into cards (card_num, account, create_dt, update_dt) 
values ('5265 8251 2877 1828', 	'40817810573859869241', '2001-01-01', null);

insert into cards (card_num, account, create_dt, update_dt) 
values ('5810 8922 1340 2842', 	'40817810802936142668', '2001-01-01', null);

insert into cards (card_num, account, create_dt, update_dt) 
values ('5706 4419 1074 9868', 	'40817810486750967421', '2001-01-01', null);

insert into cards (card_num, account, create_dt, update_dt) 
values ('2854 2539 2430 1735', 	'40817810802936142668', '2001-01-01', null);

insert into cards (card_num, account, create_dt, update_dt) 
values ('4812 2797 9952 8481', 	'40817810284878213449', '2001-01-01', null);

insert into cards (card_num, account, create_dt, update_dt) 
values ('5273 5585 7959 5548', 	'40817810778044187130', '2001-01-01', null);

insert into cards (card_num, account, create_dt, update_dt) 
values ('5561 5823 9271 3878', 	'40817810605479119365', '2001-01-01', null);

insert into cards (card_num, account, create_dt, update_dt) 
values ('2998 2023 5808 7610', 	'40817810778044187130', '2001-01-01', null);

insert into cards (card_num, account, create_dt, update_dt) 
values ('2657 6345 8823 5456', 	'40817810852586260772', '2001-01-01', null);

insert into cards (card_num, account, create_dt, update_dt) 
values ('4779 7443 3611 4224', 	'40817810437543724522', '2001-01-01', null);

insert into cards (card_num, account, create_dt, update_dt) 
values ('2286 7250 6746 5636', 	'40817810715084771994', '2001-01-01', null);

insert into cards (card_num, account, create_dt, update_dt) 
values ('2973 2961 1325 4200', 	'40817810147613269516', '2001-01-01', null);

insert into cards (card_num, account, create_dt, update_dt) 
values ('5506 2578 7002 7224', 	'40817810393349891008', '2001-01-01', null);

insert into cards (card_num, account, create_dt, update_dt) 
values ('5977 4718 2395 1826', 	'40817810665771744771', '2001-01-01', null);

insert into cards (card_num, account, create_dt, update_dt) 
values ('2569 2920 7434 6127', 	'40817810445461338571', '2001-01-01', null);

insert into cards (card_num, account, create_dt, update_dt) 
values ('5142 6328 5439 2863', 	'40817810486750967421', '2001-01-01', null);

insert into cards (card_num, account, create_dt, update_dt) 
values ('4243 6488 4324 6675', 	'40817810453453353314', '2001-01-01', null);

insert into cards (card_num, account, create_dt, update_dt) 
values ('2805 3005 7961 8708', 	'40817810548033670877', '2001-01-01', null);

insert into cards (card_num, account, create_dt, update_dt) 
values ('5959 2748 7407 5591', 	'40817810566058455099', '2001-01-01', null);

insert into cards (card_num, account, create_dt, update_dt) 
values ('2357 4514 4518 4253', 	'40817810840953966881', '2001-01-01', null);

insert into cards (card_num, account, create_dt, update_dt) 
values ('4202 3659 7174 8966', 	'40817810487090273209', '2001-01-01', null);

insert into cards (card_num, account, create_dt, update_dt) 
values ('5965 1879 6160 4181', 	'40817810183927580771', '2001-01-01', null);

insert into cards (card_num, account, create_dt, update_dt) 
values ('5467 2148 6518 4288', 	'40817810585629253122', '2001-01-01', null);

insert into cards (card_num, account, create_dt, update_dt) 
values ('2880 8459 2898 1782', 	'40817810548033670877', '2001-01-01', null);

insert into cards (card_num, account, create_dt, update_dt) 
values ('2104 8730 9485 7673', 	'40817810172417048299', '2001-01-01', null);

insert into cards (card_num, account, create_dt, update_dt) 
values ('4296 9054 7346 2895', 	'40817810852586260772', '2001-01-01', null);

insert into cards (card_num, account, create_dt, update_dt) 
values ('2292 2919 2374 9191', 	'40817810934015831384', '2001-01-01', null);

insert into cards (card_num, account, create_dt, update_dt) 
values ('2952 8446 8682 3243', 	'40817810742293299522', '2001-01-01', null);

insert into cards (card_num, account, create_dt, update_dt) 
values ('4202 4044 7116 8593', 	'40817810596853283889', '2001-01-01', null);

insert into cards (card_num, account, create_dt, update_dt) 
values ('4830 5530 9362 3755', 	'40817810210627785852', '2001-01-01', null);

insert into cards (card_num, account, create_dt, update_dt) 
values ('5380 3980 6281 8665', 	'40817810475607767453', '2001-01-01', null);

insert into cards (card_num, account, create_dt, update_dt) 
values ('4941 9746 6853 5012', 	'40817810479019330968', '2001-01-01', null);

insert into cards (card_num, account, create_dt, update_dt) 
values ('5821 5328 3821 9503', 	'40817810934245449354', '2001-01-01', null);

insert into cards (card_num, account, create_dt, update_dt) 
values ('4156 8103 2566 3980', 	'40817810641446441450', '2001-01-01', null);

insert into cards (card_num, account, create_dt, update_dt) 
values ('2619 3189 8696 6696', 	'40817810742293299522', '2001-01-01', null);

insert into cards (card_num, account, create_dt, update_dt) 
values ('2559 9720 7972 5979', 	'40817810791811873202', '2001-01-01', null);

insert into cards (card_num, account, create_dt, update_dt) 
values ('2644 4469 1396 9953', 	'40817810701061571225', '2001-01-01', null);

insert into cards (card_num, account, create_dt, update_dt) 
values ('4630 9008 2899 2308', 	'40817810998062372966', '2001-01-01', null);

insert into cards (card_num, account, create_dt, update_dt) 
values ('5492 8520 1279 4426', 	'40817810240146320278', '2001-01-01', null);

insert into cards (card_num, account, create_dt, update_dt) 
values ('2239 5482 7053 2885', 	'40817810627727963115', '2001-01-01', null);

insert into cards (card_num, account, create_dt, update_dt) 
values ('5888 3481 1436 7828', 	'40817810592093363417', '2001-01-01', null);

insert into cards (card_num, account, create_dt, update_dt) 
values ('2393 8762 8039 9540', 	'40817810365290280315', '2001-01-01', null);

insert into cards (card_num, account, create_dt, update_dt) 
values ('2931 7848 3041 1492', 	'40817810487090273209', '2001-01-01', null);

insert into cards (card_num, account, create_dt, update_dt) 
values ('5518 9652 9943 3164', 	'40817810542528419671', '2001-01-01', null);

insert into cards (card_num, account, create_dt, update_dt) 
values ('5464 3141 3504 8481', 	'40817810590081911191', '2001-01-01', null);

insert into cards (card_num, account, create_dt, update_dt) 
values ('2184 6515 5346 6354', 	'40817810802936142668', '2001-01-01', null);

insert into cards (card_num, account, create_dt, update_dt) 
values ('2656 3722 2133 8655', 	'40817810852586260772', '2001-01-01', null);

insert into cards (card_num, account, create_dt, update_dt) 
values ('2128 3096 1827 9189', 	'40817810641446441450', '2001-01-01', null);

insert into cards (card_num, account, create_dt, update_dt) 
values ('4311 1618 6334 8798', 	'40817810479019330968', '2001-01-01', null);

insert into cards (card_num, account, create_dt, update_dt) 
values ('4601 7811 1351 3015', 	'40817810475607767453', '2001-01-01', null);

insert into cards (card_num, account, create_dt, update_dt) 
values ('2124 5441 4930 1032', 	'40817810868503369611', '2001-01-01', null);

insert into cards (card_num, account, create_dt, update_dt) 
values ('5342 7470 8551 2896', 	'40817810616498239759', '2001-01-01', null);

insert into cards (card_num, account, create_dt, update_dt) 
values ('4542 1014 1743 8082', 	'40817810592093363417', '2001-01-01', null);

insert into cards (card_num, account, create_dt, update_dt) 
values ('2301 4248 3167 6425', 	'40817810622778346959', '2001-01-01', null);

insert into cards (card_num, account, create_dt, update_dt) 
values ('2184 5218 2570 8401', 	'40817810210627785852', '2001-01-01', null);

insert into cards (card_num, account, create_dt, update_dt) 
values ('5908 2483 6008 2322', 	'40817810685136759348', '2001-01-01', null);

insert into cards (card_num, account, create_dt, update_dt) 
values ('4363 3791 4850 9502', 	'40817810791811873202', '2001-01-01', null);

insert into cards (card_num, account, create_dt, update_dt) 
values ('5388 7275 4625 4127', 	'40817810306661199565', '2001-01-01', null);

insert into cards (card_num, account, create_dt, update_dt) 
values ('2225 2098 4173 2524', 	'40817810150442465452', '2001-01-01', null);

insert into cards (card_num, account, create_dt, update_dt) 
values ('2262 6913 4889 1910', 	'40817810284878213449', '2001-01-01', null);

insert into cards (card_num, account, create_dt, update_dt) 
values ('5400 2011 8289 7637', 	'40817810573859869241', '2001-01-01', null);

insert into cards (card_num, account, create_dt, update_dt) 
values ('2716 2475 1333 2681', 	'40817810158446689646', '2001-01-01', null);

insert into cards (card_num, account, create_dt, update_dt) 
values ('2424 2804 5385 7964', 	'40817810641446441450', '2001-01-01', null);

insert into cards (card_num, account, create_dt, update_dt) 
values ('2498 6953 9313 2613', 	'40817810531720297846', '2001-01-01', null);

insert into cards (card_num, account, create_dt, update_dt) 
values ('5317 9632 6051 2671', 	'40817810393349891008', '2001-01-01', null);

insert into cards (card_num, account, create_dt, update_dt) 
values ('4524 6589 6054 8200', 	'40817810596853283889', '2001-01-01', null);

insert into cards (card_num, account, create_dt, update_dt) 
values ('2171 6670 7783 5859', 	'40817810210627785852', '2001-01-01', null);

insert into cards (card_num, account, create_dt, update_dt) 
values ('5446 6670 1423 1862', 	'40817810585629253122', '2001-01-01', null);

insert into cards (card_num, account, create_dt, update_dt) 
values ('2714 5267 7278 9344', 	'40817810665771744771', '2001-01-01', null);

insert into cards (card_num, account, create_dt, update_dt) 
values ('2532 6974 2674 2795', 	'40817810592093363417', '2001-01-01', null);

insert into cards (card_num, account, create_dt, update_dt) 
values ('2553 3401 4451 2166', 	'40817810635809714681', '2001-01-01', null);

insert into cards (card_num, account, create_dt, update_dt) 
values ('5859 6145 9122 1643', 	'40817810158446689646', '2001-01-01', null);

insert into cards (card_num, account, create_dt, update_dt) 
values ('5492 4860 3908 4984', 	'40817810573859869241', '2001-01-01', null);

insert into cards (card_num, account, create_dt, update_dt) 
values ('2670 2925 6125 2319', 	'40817810487090273209', '2001-01-01', null);

insert into cards (card_num, account, create_dt, update_dt) 
values ('2696 7847 9960 9133', 	'40817810852586260772', '2001-01-01', null);


/*
accounts
*/


create table accounts(
	account varchar(128), 
	valid_to date, 
	client varchar(128),
	create_dt date, 
	update_dt date
);


insert into accounts (account, valid_to, client, create_dt, update_dt) 
	values ('40817810263651414075',		'2022-01-15',		'6948', '1900-01-01', null);
insert into accounts (account, valid_to, client, create_dt, update_dt) 
	values ('40817810158446689646',		'2021-09-08',		'3603', '1900-01-01', null);
insert into accounts (account, valid_to, client, create_dt, update_dt) 
	values ('40817810935790255720',		'2021-08-03',		'3919', '1900-01-01', null);
insert into accounts (account, valid_to, client, create_dt, update_dt) 
	values ('40817810542528419671',		'2022-01-02',		'4699', '1900-01-01', null);
insert into accounts (account, valid_to, client, create_dt, update_dt) 
	values ('40817810901557820237',		'2021-09-28',		'7486', '1900-01-01', null);
insert into accounts (account, valid_to, client, create_dt, update_dt) 
	values ('40817810393349891008',		'2021-09-12',		'9386', '1900-01-01', null);
insert into accounts (account, valid_to, client, create_dt, update_dt) 
	values ('40817810934245449354',		'2023-02-19',		'7763', '1900-01-01', null);
insert into accounts (account, valid_to, client, create_dt, update_dt) 
	values ('40817810685136759348',		'2023-01-19',		'4932', '1900-01-01', null);
insert into accounts (account, valid_to, client, create_dt, update_dt) 
	values ('40817810641446441450',		'2021-06-20',		'1456', '1900-01-01', null);
insert into accounts (account, valid_to, client, create_dt, update_dt) 
	values ('40817810479019330968',		'2021-11-06',		'7642', '1900-01-01', null);
insert into accounts (account, valid_to, client, create_dt, update_dt) 
	values ('40817810616498239759',		'2022-12-27',		'8808', '1900-01-01', null);
insert into accounts (account, valid_to, client, create_dt, update_dt) 
	values ('40817810306661199565',		'2022-01-25',		'3779', '1900-01-01', null);
insert into accounts (account, valid_to, client, create_dt, update_dt) 
	values ('40817810778044187130',		'2023-02-01',		'9247', '1900-01-01', null);
insert into accounts (account, valid_to, client, create_dt, update_dt) 
	values ('40817810453453353314',		'2021-06-27',		'7416', '1900-01-01', null);
insert into accounts (account, valid_to, client, create_dt, update_dt) 
	values ('40817810487090273209',		'2023-04-27',		'4679', '1900-01-01', null);
insert into accounts (account, valid_to, client, create_dt, update_dt) 
	values ('40817810570001421437',		'2022-09-12',		'VIP-9807', '1900-01-01', null);
insert into accounts (account, valid_to, client, create_dt, update_dt) 
	values ('40817810802936142668',		'2022-02-13',		'2948', '1900-01-01', null);
insert into accounts (account, valid_to, client, create_dt, update_dt) 
	values ('40817810940086466248',		'2022-04-01',		'7812', '1900-01-01', null);
insert into accounts (account, valid_to, client, create_dt, update_dt) 
	values ('40817810622778346959',		'2022-02-27',		'8006', '1900-01-01', null);
insert into accounts (account, valid_to, client, create_dt, update_dt) 
	values ('40817810147613269516',		'2022-08-14',		'6069', '1900-01-01', null);
insert into accounts (account, valid_to, client, create_dt, update_dt) 
	values ('40817810183927580771',		'2023-01-29',		'2841', '1900-01-01', null);
insert into accounts (account, valid_to, client, create_dt, update_dt) 
	values ('40817810838412686293',		'2023-05-06',		'4004', '1900-01-01', null);
insert into accounts (account, valid_to, client, create_dt, update_dt) 
	values ('40817810585629253122',		'2023-01-03',		'8157', '1900-01-01', null);
insert into accounts (account, valid_to, client, create_dt, update_dt) 
	values ('40817810284878213449',		'2022-11-14',		'3914', '1900-01-01', null);
insert into accounts (account, valid_to, client, create_dt, update_dt) 
	values ('40817810830443343332',		'2022-04-02',		'8996', '1900-01-01', null);
insert into accounts (account, valid_to, client, create_dt, update_dt) 
	values ('40817810240146320278',		'2023-03-24',		'VIP-8588', '1900-01-01', null);
insert into accounts (account, valid_to, client, create_dt, update_dt) 
	values ('40817810605479119365',		'2023-08-19',		'8746', '1900-01-01', null);
insert into accounts (account, valid_to, client, create_dt, update_dt) 
	values ('40817810475607767453',		'2021-11-15',		'2475', '1900-01-01', null);
insert into accounts (account, valid_to, client, create_dt, update_dt) 
	values ('40817810437543724522',		'2023-08-01',		'4921', '1900-01-01', null);
insert into accounts (account, valid_to, client, create_dt, update_dt) 
	values ('40817810693742890112',		'2022-02-16',		'3799', '1900-01-01', null);
insert into accounts (account, valid_to, client, create_dt, update_dt) 
	values ('40817810852586260772',		'2022-01-30',		'8550', '1900-01-01', null);
insert into accounts (account, valid_to, client, create_dt, update_dt) 
	values ('40817810840953966881',		'2021-09-02',		'8868', '1900-01-01', null);
insert into accounts (account, valid_to, client, create_dt, update_dt) 
	values ('40817810596853283889',		'2023-03-10',		'2828', '1900-01-01', null);
insert into accounts (account, valid_to, client, create_dt, update_dt) 
	values ('40817810305802075493',		'2022-04-20',		'8729', '1900-01-01', null);
insert into accounts (account, valid_to, client, create_dt, update_dt) 
	values ('40817810782774818617',		'2023-09-15',		'7429', '1900-01-01', null);
insert into accounts (account, valid_to, client, create_dt, update_dt) 
	values ('40817810531720297846',		'2023-07-31',		'9117', '1900-01-01', null);
insert into accounts (account, valid_to, client, create_dt, update_dt) 
	values ('40817810299641611369',		'2021-07-23',		'1319', '1900-01-01', null);
insert into accounts (account, valid_to, client, create_dt, update_dt) 
	values ('40817810424711823756',		'2022-02-16',		'6696', '1900-01-01', null);
insert into accounts (account, valid_to, client, create_dt, update_dt) 
	values ('40817810556014915757',		'2023-10-21',		'3773', '1900-01-01', null);
insert into accounts (account, valid_to, client, create_dt, update_dt) 
	values ('40817810791811873202',		'2023-07-05',		'7121', '1900-01-01', null);
insert into accounts (account, valid_to, client, create_dt, update_dt) 
	values ('40817810486750967421',		'2022-10-18',		'2904', '1900-01-01', null);
insert into accounts (account, valid_to, client, create_dt, update_dt) 
	values ('40817810456871241700',		'2023-11-09',		'9299', '1900-01-01', null);
insert into accounts (account, valid_to, client, create_dt, update_dt) 
	values ('40817810715084771994',		'2023-09-14',		'3920', '1900-01-01', null);
insert into accounts (account, valid_to, client, create_dt, update_dt) 
	values ('40817810210627785852',		'2022-08-09',		'7846', '1900-01-01', null);
insert into accounts (account, valid_to, client, create_dt, update_dt) 
	values ('40817810333860724081',		'2023-08-30',		'VIP-9688', '1900-01-01', null);
insert into accounts (account, valid_to, client, create_dt, update_dt) 
	values ('40817810766974225074',		'2021-09-18',		'3150', '1900-01-01', null);
insert into accounts (account, valid_to, client, create_dt, update_dt) 
	values ('40817810256538033728',		'2023-04-17',		'6850', '1900-01-01', null);
insert into accounts (account, valid_to, client, create_dt, update_dt) 
	values ('40817810762366388409',		'2023-09-03',		'9172', '1900-01-01', null);
insert into accounts (account, valid_to, client, create_dt, update_dt) 
	values ('40817810590081911191',		'2022-06-01',		'1244', '1900-01-01', null);
insert into accounts (account, valid_to, client, create_dt, update_dt) 
	values ('40817810578429979270',		'2022-09-04',		'8746', '1900-01-01', null);
insert into accounts (account, valid_to, client, create_dt, update_dt) 
	values ('40817810627727963115',		'2022-03-07',		'4699', '1900-01-01', null);
insert into accounts (account, valid_to, client, create_dt, update_dt) 
	values ('40817810972929075158',		'2022-07-17',		'7846', '1900-01-01', null);
insert into accounts (account, valid_to, client, create_dt, update_dt) 
	values ('40817810295386384292',		'2021-12-28',		'7121', '1900-01-01', null);
insert into accounts (account, valid_to, client, create_dt, update_dt) 
	values ('40817810172417048299',		'2021-08-15',		'3779', '1900-01-01', null);
insert into accounts (account, valid_to, client, create_dt, update_dt) 
	values ('40817810701061571225',		'2023-07-23',		'6948', '1900-01-01', null);
insert into accounts (account, valid_to, client, create_dt, update_dt) 
	values ('40817810365290280315',		'2021-08-25',		'3914', '1900-01-01', null);
insert into accounts (account, valid_to, client, create_dt, update_dt) 
	values ('40817810934015831384',		'2022-05-19',		'9386', '1900-01-01', null);
insert into accounts (account, valid_to, client, create_dt, update_dt) 
	values ('40817810742293299522',		'2021-10-21',		'8868', '1900-01-01', null);
insert into accounts (account, valid_to, client, create_dt, update_dt) 
	values ('40817810469287999721',		'2023-02-24',		'3919', '1900-01-01', null);
insert into accounts (account, valid_to, client, create_dt, update_dt) 
	values ('40817810665771744771',		'2022-04-06',		'4932', '1900-01-01', null);
insert into accounts (account, valid_to, client, create_dt, update_dt) 
	values ('40817810663253626567',		'2022-05-01',		'3919', '1900-01-01', null);
insert into accounts (account, valid_to, client, create_dt, update_dt) 
	values ('40817810998062372966',		'2022-12-16',		'7486', '1900-01-01', null);
insert into accounts (account, valid_to, client, create_dt, update_dt) 
	values ('40817810635809714681',		'2023-06-10',		'VIP-9688', '1900-01-01', null);
insert into accounts (account, valid_to, client, create_dt, update_dt) 
	values ('40817810708371244487',		'2022-02-06',		'7846', '1900-01-01', null);
insert into accounts (account, valid_to, client, create_dt, update_dt) 
	values ('40817810544573989604',		'2022-05-19',		'VIP-9807', '1900-01-01', null);
insert into accounts (account, valid_to, client, create_dt, update_dt) 
	values ('40817810573859869241',		'2022-06-02',		'8729', '1900-01-01', null);
insert into accounts (account, valid_to, client, create_dt, update_dt) 
	values ('40817810150442465452',		'2022-11-14',		'9172', '1900-01-01', null);
insert into accounts (account, valid_to, client, create_dt, update_dt) 
	values ('40817810359337739181',		'2022-07-23',		'4679', '1900-01-01', null);
insert into accounts (account, valid_to, client, create_dt, update_dt) 
	values ('40817810548033670877',		'2022-09-02',		'3150', '1900-01-01', null);
insert into accounts (account, valid_to, client, create_dt, update_dt) 
	values ('40817810445461338571',		'2022-05-18',		'7429', '1900-01-01', null);
insert into accounts (account, valid_to, client, create_dt, update_dt) 
	values ('40817810290829650726',		'2022-07-12',		'3150', '1900-01-01', null);
insert into accounts (account, valid_to, client, create_dt, update_dt) 
	values ('40817810716838743463',		'2022-12-16',		'3914', '1900-01-01', null);
insert into accounts (account, valid_to, client, create_dt, update_dt) 
	values ('40817810876462951296',		'2021-06-17',		'8808', '1900-01-01', null);
insert into accounts (account, valid_to, client, create_dt, update_dt) 
	values ('40817810868503369611',		'2022-02-23',		'3914', '1900-01-01', null);
insert into accounts (account, valid_to, client, create_dt, update_dt) 
	values ('40817810566058455099',		'2023-05-04',		'3799', '1900-01-01', null);
insert into accounts (account, valid_to, client, create_dt, update_dt) 
	values ('40817810752220456288',		'2023-06-12',		'2948', '1900-01-01', null);
insert into accounts (account, valid_to, client, create_dt, update_dt) 
	values ('40817810592093363417',		'2021-03-02',		'VIP-6237', '1900-01-01', null);


/*
clients
*/


create table clients(
    client_id integer, 
    last_name varchar(128), 
    first_name varchar(128), 
    patronymic varchar(128), 
    date_of_birth date, 
    passport_num varchar(128), 
    passport_valid_to date, 
    phone varchar(128),
    create_dt date, 
    update_dt date
);

insert into clients (client_id, last_name, first_name, patronymic, date_of_birth, passport_num, passport_valid_to, phone, create_dt, update_dt) 
	values ('6948'     , 'Сьестнов',     'Сергей',     'Станиславович',  '1973-04-05', '8732 868620', null         , '+7 914 996-22-46', '1900-01-01', null);
insert into clients (client_id, last_name, first_name, patronymic, date_of_birth, passport_num, passport_valid_to, phone, create_dt, update_dt) 
	values ('3603'     , 'Очаков',       'Матвей',     'Иванович',       '1996-03-05', '2885 305052', '2041-03-05' , '+7 974 791-86-56', '1900-01-01', null);
insert into clients (client_id, last_name, first_name, patronymic, date_of_birth, passport_num, passport_valid_to, phone, create_dt, update_dt) 
	values ('4699'     , 'Абазин',       'Эльдар',     'Владиславович',  '1972-12-18', '5100 810950', null         , '+7 930 390-63-97', '1900-01-01', null);
insert into clients (client_id, last_name, first_name, patronymic, date_of_birth, passport_num, passport_valid_to, phone, create_dt, update_dt) 
	values ('7486'     , 'Итяйкин',      'Роберт',     'Владимирович',   '2002-06-13', '8095 866027', '2022-06-13' , '+7 913 443-96-80', '1900-01-01', null);
insert into clients (client_id, last_name, first_name, patronymic, date_of_birth, passport_num, passport_valid_to, phone, create_dt, update_dt) 
	values ('9386'     , 'Шкабкина',     'Анжелика',   'Ивановна',       '1964-03-31', '5360 464827', null         , '+7 954 947-82-68', '1900-01-01', null);
insert into clients (client_id, last_name, first_name, patronymic, date_of_birth, passport_num, passport_valid_to, phone, create_dt, update_dt) 
	values ('7763'     , 'Швыкова',      'Инесса',     'Робертовна',     '1992-06-06', '2538 923225', '2037-06-06' , '+7 998 132-15-68', '1900-01-01', null);
insert into clients (client_id, last_name, first_name, patronymic, date_of_birth, passport_num, passport_valid_to, phone, create_dt, update_dt) 
	values ('VIP-6237' , 'Узенева',      'Нелли',      'Геворковна',     '1999-03-04', '6510 927714', '2044-03-04' , '+7 965 317-46-87', '1900-01-01', null);
insert into clients (client_id, last_name, first_name, patronymic, date_of_birth, passport_num, passport_valid_to, phone, create_dt, update_dt) 
	values ('4932'     , 'Тщедушин',     'Владислав',  'Павлович',       '1983-02-06', '1988 613561', '2028-02-06' , '+7 949 229-36-79', '1900-01-01', null);
insert into clients (client_id, last_name, first_name, patronymic, date_of_birth, passport_num, passport_valid_to, phone, create_dt, update_dt) 
	values ('1456'     , 'Сывороткин',   'Станислав',  'Львович',        '1998-04-08', '2284 919348', '2043-04-08' , '+7 955 261-24-77', '1900-01-01', null);
insert into clients (client_id, last_name, first_name, patronymic, date_of_birth, passport_num, passport_valid_to, phone, create_dt, update_dt) 
	values ('7642'     , 'Рубакова',     'Оксана',     'Давидовна',      '1997-12-05', '3365 607538', '2042-12-05' , '+7 950 562-20-57', '1900-01-01', null);
insert into clients (client_id, last_name, first_name, patronymic, date_of_birth, passport_num, passport_valid_to, phone, create_dt, update_dt) 
	values ('8808'     , 'Андреев',      'Эльдар',     'Богданович',     '1985-01-15', '6492 191174', '2030-01-15' , '+7 944 151-66-85', '1900-01-01', null);
insert into clients (client_id, last_name, first_name, patronymic, date_of_birth, passport_num, passport_valid_to, phone, create_dt, update_dt) 
	values ('3779'     , 'Пначин',       'Яков',       'Богданович',     '1973-04-08', '3032 452883', null         , '+7 974 261-98-59', '1900-01-01', null);
insert into clients (client_id, last_name, first_name, patronymic, date_of_birth, passport_num, passport_valid_to, phone, create_dt, update_dt) 
	values ('9247'     , 'Езопова',      'Полина',     'Евгеньевна',     '1959-11-04', '7483 791097', null         , '+7 950 958-38-29', '1900-01-01', null);
insert into clients (client_id, last_name, first_name, patronymic, date_of_birth, passport_num, passport_valid_to, phone, create_dt, update_dt) 
	values ('7416'     , 'Жгутова',      'Станислава', 'Тиграновна',     '1965-01-24', '1146 812704', null         , '+7 926 288-89-91', '1900-01-01', null);
insert into clients (client_id, last_name, first_name, patronymic, date_of_birth, passport_num, passport_valid_to, phone, create_dt, update_dt) 
	values ('4679'     , 'Лазутченков',  'Даниил',     'Евдокиевич',     '1972-05-19', '5771 567535', null         , '+7 910 653-83-33', '1900-01-01', null);
insert into clients (client_id, last_name, first_name, patronymic, date_of_birth, passport_num, passport_valid_to, phone, create_dt, update_dt) 
	values ('VIP-9807' , 'Ныров',        'Рашид',      'Андреевич',      '1994-03-29', '1032 762143', '2039-03-29' , '+7 975 461-49-58', '1900-01-01', null);
insert into clients (client_id, last_name, first_name, patronymic, date_of_birth, passport_num, passport_valid_to, phone, create_dt, update_dt) 
	values ('2948'     , 'Мляхова',      'Валерия',    'Всеволодовна',   '1979-06-11', '1152 376417', '2024-06-11' , '+7 949 269-82-53', '1900-01-01', null);
insert into clients (client_id, last_name, first_name, patronymic, date_of_birth, passport_num, passport_valid_to, phone, create_dt, update_dt) 
	values ('7812'     , 'Ишеев',        'Игорь',      'Степанович',     '1998-08-26', '5534 217181', '2043-08-26' , '+7 925 408-82-64', '1900-01-01', null);
insert into clients (client_id, last_name, first_name, patronymic, date_of_birth, passport_num, passport_valid_to, phone, create_dt, update_dt) 
	values ('8006'     , 'Убоков',       'Феликс',     'Степанович',     '1966-09-16', '2994 122762', null         , '+7 992 426-84-40', '1900-01-01', null);
insert into clients (client_id, last_name, first_name, patronymic, date_of_birth, passport_num, passport_valid_to, phone, create_dt, update_dt) 
	values ('6069'     , 'Иянова',       'Элла',       'Степановна',     '1952-08-08', '3792 892752', null         , '+7 933 623-61-65', '1900-01-01', null);
insert into clients (client_id, last_name, first_name, patronymic, date_of_birth, passport_num, passport_valid_to, phone, create_dt, update_dt) 
	values ('2841'     , 'Ацераева',     'Марина',     'Александровна',  '1952-09-16', '6695 639673', null         , '+7 932 269-44-63', '1900-01-01', null);
insert into clients (client_id, last_name, first_name, patronymic, date_of_birth, passport_num, passport_valid_to, phone, create_dt, update_dt) 
	values ('4004'     , 'Щупаковская',  'Людмила',    'Александровна',  '1978-08-28', '3428 124468', '2023-08-28' , '+7 963 340-50-65', '1900-01-01', null);
insert into clients (client_id, last_name, first_name, patronymic, date_of_birth, passport_num, passport_valid_to, phone, create_dt, update_dt) 
	values ('8157'     , 'Всеволожская', 'Наталья',    'Климовна',       '1971-11-11', '7303 581238', null         , '+7 971 706-87-94', '1900-01-01', null);
insert into clients (client_id, last_name, first_name, patronymic, date_of_birth, passport_num, passport_valid_to, phone, create_dt, update_dt) 
	values ('3914'     , 'Рвачева',      'Лилия',      'Григорьевна',    '1994-05-24', '3565 714592', '2039-05-24' , '+7 986 712-94-62', '1900-01-01', null);
insert into clients (client_id, last_name, first_name, patronymic, date_of_birth, passport_num, passport_valid_to, phone, create_dt, update_dt) 
	values ('8996'     , 'Гдалина',      'Станислава', 'Ефимовна',       '1967-07-30', '6104 249409', null         , '+7 950 983-52-52', '1900-01-01', null);
insert into clients (client_id, last_name, first_name, patronymic, date_of_birth, passport_num, passport_valid_to, phone, create_dt, update_dt) 
	values ('VIP-8588' , 'Дегтярева',    'Валентина',  'Аминовна',       '2002-02-22', '1502 319717', '2022-02-22' , '+7 927 381-98-94', '1900-01-01', null);
insert into clients (client_id, last_name, first_name, patronymic, date_of_birth, passport_num, passport_valid_to, phone, create_dt, update_dt) 
	values ('8746'     , 'Шныгин',       'Даниэль',    'Ефимович',       '1973-10-21', '3076 799795', null         , '+7 938 431-23-95', '1900-01-01', null);
insert into clients (client_id, last_name, first_name, patronymic, date_of_birth, passport_num, passport_valid_to, phone, create_dt, update_dt) 
	values ('2475'     , 'Мекертычев',   'Данил',      'Викторович',     '1969-05-16', '8306 425084', null         , '+7 924 310-38-74', '1900-01-01', null);
insert into clients (client_id, last_name, first_name, patronymic, date_of_birth, passport_num, passport_valid_to, phone, create_dt, update_dt) 
	values ('4921'     , 'Лейковский',   'Рубен',      'Николаевич',     '1998-10-05', '3185 126479', '2043-10-05' , '+7 981 901-33-49', '1900-01-01', null);
insert into clients (client_id, last_name, first_name, patronymic, date_of_birth, passport_num, passport_valid_to, phone, create_dt, update_dt) 
	values ('3799'     , 'Арканова',     'Лариса',     'Никитовна',      '1999-05-25', '4938 783841', '2044-05-25' , '+7 924 407-22-40', '1900-01-01', null);
insert into clients (client_id, last_name, first_name, patronymic, date_of_birth, passport_num, passport_valid_to, phone, create_dt, update_dt) 
	values ('8550'     , 'Ремецова',     'Анна',       'Викторовна',     '1982-10-17', '1365 749337', '2027-10-17' , '+7 933 643-31-71', '1900-01-01', null);
insert into clients (client_id, last_name, first_name, patronymic, date_of_birth, passport_num, passport_valid_to, phone, create_dt, update_dt) 
	values ('8868'     , 'Единцов',      'Святослав',  'Николаевич',     '1957-03-19', '8020 278034', null         , '+7 934 222-81-82', '1900-01-01', null);
insert into clients (client_id, last_name, first_name, patronymic, date_of_birth, passport_num, passport_valid_to, phone, create_dt, update_dt) 
	values ('2828'     , 'Ойстрак',      'Эмин',       'Викторович',     '1954-07-26', '7982 184718', null         , '+7 934 154-51-38', '1900-01-01', null);
insert into clients (client_id, last_name, first_name, patronymic, date_of_birth, passport_num, passport_valid_to, phone, create_dt, update_dt) 
	values ('8729'     , 'Пилипов',      'Олег',       'Валерьевич',     '1975-12-29', '9393 914356', null         , '+7 946 928-51-39', '1900-01-01', null);
insert into clients (client_id, last_name, first_name, patronymic, date_of_birth, passport_num, passport_valid_to, phone, create_dt, update_dt) 
	values ('7429'     , 'Ушаков',       'Андрей',     'Филиппович',     '2002-08-16', '8563 286454', '2022-08-16' , '+7 990 779-22-62', '1900-01-01', null);
insert into clients (client_id, last_name, first_name, patronymic, date_of_birth, passport_num, passport_valid_to, phone, create_dt, update_dt) 
	values ('9117'     , 'Озерцов',      'Нурлан',     'Булатович',      '1960-05-01', '5328 320302', null         , '+7 920 606-72-84', '1900-01-01', null);
insert into clients (client_id, last_name, first_name, patronymic, date_of_birth, passport_num, passport_valid_to, phone, create_dt, update_dt) 
	values ('1319'     , 'Кабакова',     'Дарья',      'Феликсовна',     '1972-02-04', '8649 870439', null         , '+7 956 470-29-82', '1900-01-01', null);
insert into clients (client_id, last_name, first_name, patronymic, date_of_birth, passport_num, passport_valid_to, phone, create_dt, update_dt) 
	values ('6696'     , 'Михайлов',     'Федор',      'Асланович',      '1981-08-01', '9951 146897', '2026-08-01' , '+7 992 759-83-87', '1900-01-01', null);
insert into clients (client_id, last_name, first_name, patronymic, date_of_birth, passport_num, passport_valid_to, phone, create_dt, update_dt) 
	values ('3773'     , 'Здоровихин',   'Ильяс',      'Романович',      '1972-02-18', '3315 439165', null         , '+7 942 788-39-30', '1900-01-01', null);
insert into clients (client_id, last_name, first_name, patronymic, date_of_birth, passport_num, passport_valid_to, phone, create_dt, update_dt) 
	values ('7121'     , 'Ячменев',      'Эрнест',     'Шамилевич',      '1986-08-01', '6513 475464', '2031-08-01' , '+7 920 117-83-39', '1900-01-01', null);
insert into clients (client_id, last_name, first_name, patronymic, date_of_birth, passport_num, passport_valid_to, phone, create_dt, update_dt) 
	values ('2904'     , 'Яльцева',      'Станислава', 'Тимофеевна',     '1991-01-17', '9562 284698', '2036-01-17' , '+7 931 637-16-86', '1900-01-01', null);
insert into clients (client_id, last_name, first_name, patronymic, date_of_birth, passport_num, passport_valid_to, phone, create_dt, update_dt) 
	values ('9299'     , 'Пудиков',      'Станислав',  'Романович',      '1985-10-20', '2218 672934', '2030-10-20' , '+7 997 241-65-49', '1900-01-01', null);
insert into clients (client_id, last_name, first_name, patronymic, date_of_birth, passport_num, passport_valid_to, phone, create_dt, update_dt) 
	values ('3920'     , 'Цвигунов',     'Юрий',       'Тимофеевич',     '1989-06-04', '3332 274169', '2034-06-04' , '+7 976 743-45-51', '1900-01-01', null);
insert into clients (client_id, last_name, first_name, patronymic, date_of_birth, passport_num, passport_valid_to, phone, create_dt, update_dt) 
	values ('7846'     , 'Вилов',        'Ильдар',     'Тимофеевич',     '2001-05-14', '5282 445550', '2021-05-14' , '+7 999 514-50-18', '1900-01-01', null);
insert into clients (client_id, last_name, first_name, patronymic, date_of_birth, passport_num, passport_valid_to, phone, create_dt, update_dt) 
	values ('VIP-9688' , 'Кикоина',      'Маргарита',  'Денисовна',      '2002-02-12', '1181 683206', '2022-02-12' , '+7 985 639-33-71', '1900-01-01', null);
insert into clients (client_id, last_name, first_name, patronymic, date_of_birth, passport_num, passport_valid_to, phone, create_dt, update_dt) 
	values ('3150'     , 'Александрова', 'Алина',      'Данииловна',     '1982-07-17', '6727 432937', '2027-07-17' , '+7 976 630-37-37', '1900-01-01', null);
insert into clients (client_id, last_name, first_name, patronymic, date_of_birth, passport_num, passport_valid_to, phone, create_dt, update_dt) 
	values ('6850'     , 'Озерцов',      'Федор',      'Данилович',      '1962-09-05', '3646 104301', null         , '+7 974 567-26-41', '1900-01-01', null);
insert into clients (client_id, last_name, first_name, patronymic, date_of_birth, passport_num, passport_valid_to, phone, create_dt, update_dt) 
	values ('9172'     , 'Вгонков',      'Константин', 'Константинович', '2002-10-22', '1682 284873', '2022-10-22' , '+7 944 545-56-92', '1900-01-01', null);
insert into clients (client_id, last_name, first_name, patronymic, date_of_birth, passport_num, passport_valid_to, phone, create_dt, update_dt) 
	values ('1244'     , 'Войтеховская', 'Ульяна',     'Эрнестовна',     '1976-03-18', '9964 543377', '2021-03-18' , '+7 953 827-27-94', '1900-01-01', null);
insert into clients (client_id, last_name, first_name, patronymic, date_of_birth, passport_num, passport_valid_to, phone, create_dt, update_dt) 
	values ('3919'     , 'Приемский',    'Екатерина',  'Анатольевна',    '2001-03-02', '8115 161624', '2021-03-02' , '+7 924 776-64-54', '1900-01-01', null);


